Opportunity_ID,Target
10689,0.5270055255124269
10690,0.40757968599058586
10691,0.5304724586040162
10692,0.33084391445314665
10693,0.910842827321434
10694,0.910842827321434
10695,0.25398073903972834
10696,0.15502584069785041
10697,0.14132332665670833
10698,0.34958437046816604
10699,0.12486517604469521
10700,0.17409864655455498
10701,0.12320755236624212
10702,0.2333632601977201
10703,0.15157087166429725
10704,0.9751805767460823
10705,0.9253958689124699
10706,0.6086471663361062
10707,0.26099959057773153
10708,0.33512822727154734
10709,0.9611402173819318
10710,0.6125822957818974
10711,0.6619906122608898
10712,0.756546765215794
10713,0.6281822422520933
10714,0.4481193022805043
10715,0.8741382097613412
10716,0.9144837813180512
10717,0.4155908732580849
10718,0.9076454595963342
10719,0.8905136504388459
10720,0.5172754451656165
10721,0.2561408656007938
10722,0.6308289015420966
10723,0.8078876212300757
10724,0.751898452063942
10725,0.9877528733926689
10726,0.6015146376074015
10727,0.2833563377842292
10728,0.9773176553584867
10729,0.39744882450529184
10730,0.8440570270483707
10731,0.8250496547166013
10732,0.27165084864846273
10733,0.22173207238860843
10734,0.501103844365662
10735,0.93398782182652
10736,0.924147861079382
10737,0.929649360301428
10738,0.45455858583616454
10739,0.9195690233986278
10740,0.6428302380170051
10741,0.9328791338255843
10742,0.3173899543782693
10743,0.4003763654048553
10744,0.32089462938173624
10745,0.32089462938173624
10746,0.22736955558393437
10747,0.22736955558393437
10748,0.38413144056373427
10749,0.9472534793446867
10750,0.27971297478986545
10751,0.9291846797246158
10752,0.9291846797246158
10753,0.4943186416690208
10754,0.3951254627535933
10755,0.9568981175375402
10756,0.8898002728748228
10757,0.9010125928401073
10758,0.48793473261350734
10759,0.892525551920495
10760,0.3436306823963073
10761,0.7790939750128214
10762,0.45865394729162184
10763,0.741742580317201
10764,0.844382289831938
10765,0.31698568147928347
10766,0.9066210647604135
10767,0.9073807894588041
10768,0.428457317588184
10769,0.5716417706937476
10770,0.27731461266519875
10771,0.4090579217121653
10772,0.7858237373107062
10773,0.5721849353694679
10774,0.11196339796891623
10775,0.06350819662786646
10776,0.1505110525428075
10777,0.5092466797562392
10778,0.863920204585273
10779,0.8482509935439535
10780,0.842688080182301
10781,0.717952429162212
10782,0.17349548915154347
10783,0.3325143580632237
10784,0.4773232947325159
10785,0.7889680320747504
10786,0.3512210770066227
10787,0.020429894863915513
10788,0.4647254816644421
10789,0.6503123064130429
10790,0.528068330812358
10791,0.4932988846931061
10792,0.9679052299067333
10793,0.6954743353520269
10794,0.6954743353520269
10795,0.8562563366304282
10796,0.2111444552565598
10797,0.18574182298098318
10798,0.28888292422223283
10799,0.21327168103054736
10800,0.18156876920967954
10801,0.19957820415305466
10802,0.3084984503143997
10803,0.32571675593243105
10804,0.7436203406351314
10805,0.4052832263568509
10806,0.9332164920785302
10807,0.2760029606222075
10808,0.27923821601866783
10809,0.41910462220913497
10810,0.16598368917881806
10811,0.8972029523293226
10812,0.5200547161137099
10813,0.4064377423771333
10814,0.2649535724643298
10815,0.8103902013181234
10816,0.7222940824939137
10817,0.13318299743832926
10818,0.9366256756495615
10819,0.9073435443173353
10820,0.6246123001807204
10821,0.729766240017502
10822,0.2934938837347496
10823,0.9003674477101831
10824,0.4850555848227446
10825,0.40522535679849825
10826,0.732625755513545
10827,0.9217675877112923
10828,0.956644523655448
10829,0.27502065814321347
10830,0.7012591514462716
10831,0.9373893993011905
10832,0.6871605782830825
10833,0.30786073734721997
10834,0.4938017077353551
10835,0.33133311221291145
10836,0.911811734789911
10837,0.6288129279128668
10838,0.7799046956930258
10839,0.7204921068600914
10840,0.8665200427715036
10841,0.5825397247696797
10842,0.7321319498787772
10843,0.7496223151361829
10844,0.906084005536075
10845,0.8697058061866463
10846,0.8148188794282227
10847,0.7943114134613558
10848,0.8422133984712024
10849,0.46112287706109484
10850,0.3208242078246667
10851,0.32203023872689424
10852,0.720823371190348
10853,0.7233836684267893
10854,0.6810248875000524
10855,0.4118809947843375
10856,0.4096854815516835
10857,0.23481257823588794
10858,0.2198696879331356
10859,0.3103722931426346
10860,0.14939060504724153
10861,0.058868061426659846
10862,0.4072584690599801
10863,0.5615931776513526
10864,0.8930207888096254
10865,0.9534642943599337
10866,0.2596462418486462
10867,0.3813165641444002
10868,0.39789361686272007
10869,0.10045452765205892
10870,0.3346243060834035
10871,0.9143086549828446
10872,0.33222832278933007
10873,0.36191110537166393
10874,0.9073807894588041
10875,0.8862170386254288
10876,0.9182628432718062
10877,0.7812566134445589
10878,0.8055136090819146
10879,0.18098661981245548
10880,0.4626541217505754
10881,0.8986525031325462
10882,0.3847174309507933
10883,0.26762999070391885
10884,0.3893030840722566
10885,0.5925716893191502
10886,0.6309700061878256
10887,0.14436893264008283
10888,0.7552036049243054
10889,0.8321999070666385
10890,0.7895921729663609
10891,0.8706356070637313
10892,0.3293301166587699
10893,0.9040265225914069
10894,0.8474026833485097
10895,0.948442597563923
10896,0.9066210647604135
10897,0.8303175497038753
10898,0.2136011574644435
10899,0.6026043913072364
10900,0.8887140180689506
10901,0.8941655097605947
10902,0.48202581876219464
10903,0.6952382971920846
10904,0.8939594243530007
10905,0.9466667845907264
10906,0.9179069521275285
10907,0.5058122640012191
10908,0.3262797380620708
10909,0.9438313219855172
10910,0.40799136137649683
10911,0.9056142491074567
10912,0.8121076256472385
10913,0.7406667099487181
10914,0.7192869639230046
10915,0.9238408463676002
10916,0.3568333155533317
10917,0.8046360571827013
10918,0.9452076257170411
10919,0.055642893886133284
10920,0.4482983772892324
10921,0.9286470802980656
10922,0.39762884638412216
10923,0.36409822559775173
10924,0.9621161173911422
10925,0.9152372333851199
10926,0.5087956468577617
10927,0.4904898890364914
10928,0.7590384226757888
10929,0.8891030155303774
10930,0.41292376033752026
10931,0.9220092252376035
10932,0.9624931182688944
10933,0.9706295495987278
10934,0.29372873753463785
10935,0.5924558512619015
10936,0.39172927785083667
10937,0.8821189112793617
10938,0.24482732246380834
10939,0.41761845238944373
10940,0.8539001166301341
10941,0.7748341660472776
10942,0.34081880335884185
10943,0.4401355654648157
10944,0.4518222582827691
10945,0.37840629427267763
10946,0.9481935381220168
10947,0.6387798201675084
10948,0.2244201814085784
10949,0.49842947885447186
10950,0.4517370396935366
10951,0.6774827029048842
10952,0.7884832456685514
10953,0.20833387608774584
10954,0.8110563887398861
10955,0.20442195008067465
10956,0.1865638132845074
10957,0.16519486143533318
10958,0.13775558450273875
10959,0.3377969554646827
10960,0.5546919892971826
10961,0.5958746045772044
10962,0.763527235014063
10963,0.5593722259312895
10964,0.44436686418947396
10965,0.03894169830323987
10966,0.9455657078629092
10967,0.8602097202121121
10968,0.44940611191405383
10969,0.9348854635777051
10970,0.275139915395857
10971,0.3501043309909925
10972,0.3637154711993519
10973,0.14864730314540947
10974,0.3994349258868978
10975,0.9371151643668221
10976,0.9339833272679949
10977,0.8963284724457917
10978,0.7514481149249961
10979,0.9584940475780194
10980,0.4605218616860857
10981,0.1747976859714157
10982,0.8919831205089676
10983,0.7451816115444758
10984,0.20833039265165798
10985,0.6903647558284096
10986,0.9079489712769859
10987,0.9073807894588041
10988,0.4817332893628338
10989,0.5087268758302437
10990,0.2258818381999155
10991,0.020824429556905905
10992,0.39670607339388936
10993,0.8947689154063516
10994,0.3347726997999574
10995,0.576827832889552
10996,0.40000458069418976
10997,0.42562936421583897
10998,0.9664085034565066
10999,0.5986276481710153
11000,0.6150840153506083
11001,0.38067529799611777
11002,0.9349153347695528
11003,0.9603614950009614
11004,0.9253344093617918
11005,0.2627505405105227
11006,0.5109430346714025
11007,0.8983072095022984
11008,0.45531289362811095
11009,0.9564479653568227
11010,0.9180450268492932
11011,0.7156610162741676
11012,0.8505095315188901
11013,0.28240572720267726
11014,0.2888072539972284
11015,0.284632273867305
11016,0.7385376604501307
11017,0.8241294109553533
11018,0.6486151021212193
11019,0.5602514548869681
11020,0.12774293894281125
11021,0.8321966944133473
11022,0.3472798444661531
11023,0.7587177306407491
11024,0.45221921676521354
11025,0.8634742507276421
11026,0.915152538236093
11027,0.4252485562294449
11028,0.20908972608440404
11029,0.9205766060268649
11030,0.3650255908406598
11031,0.9492297569590811
11032,0.37084349776258047
11033,0.9180450268492932
11034,0.19071707330286292
11035,0.13211058248415083
11036,0.4070788431888815
11037,0.7042014362592249
11038,0.7449410674094444
11039,0.9699341844162528
11040,0.4313570188524731
11041,0.723290633071262
11042,0.6561631109124526
11043,0.5084487967126711
11044,0.3307191027580573
11045,0.2764301076716928
11046,0.5627636645718403
11047,0.35547857789904486
11048,0.4008731312076187
11049,0.2652935625926436
11050,0.34157477672165426
11051,0.8233901993774352
11052,0.7503825106505125
11053,0.3204712071699349
11054,0.645417381687187
11055,0.40421466477422213
11056,0.4245778936301163
11057,0.3286779855269394
11058,0.15609784124293455
11059,0.22379326724756968
11060,0.2776337748444374
11061,0.20318541407045118
11062,0.24973843801899093
11063,0.7463682497147457
11064,0.9079489712769859
11065,0.39730882553949454
11066,0.9415211679439781
11067,0.8222432857451358
11068,0.6552233335205766
11069,0.19566881171950073
11070,0.8354830434165292
11071,0.9461106439926642
11072,0.8600038909265514
11073,0.9399670755096662
11074,0.28120379363774967
11075,0.49361314187689864
11076,0.6393250371546951
11077,0.4265620149694472
11078,0.31144065260321685
11079,0.5937816365454262
11080,0.5483019816247132
11081,0.3222194841620397
11082,0.3584015004276274
11083,0.1631819637679611
11084,0.3621306560362988
11085,0.9335200481932802
11086,0.5906150621771391
11087,0.9291850807720324
11088,0.3138172904698655
11089,0.07395161915343007
11090,0.5993642064477913
11091,0.25266542877284187
11092,0.5071028636390609
11093,0.35153054243980775
11094,0.4121001834442678
11095,0.9151724596698493
11096,0.9196868093267467
11097,0.4059089580552784
11098,0.31707007967881234
11099,0.4483465050335227
11100,0.8233895775701461
11101,0.6376238843460226
11102,0.35562233207333327
11103,0.5022520264092927
11104,0.501982761402304
11105,0.7229496310055314
11106,0.49678379103857645
11107,0.33883937601144787
11108,0.9537339911179826
11109,0.9108217027575747
11110,0.3775365226503045
11222,0.7419801255835746
11223,0.8826390598925659
11224,0.8635792308327369
11225,0.5557384424953469
11226,0.6923812383972858
11227,0.19786927882223776
11228,0.6988314643021647
11229,0.6667543277759224
11230,0.8141205925089154
11231,0.5392586832758984
11232,0.1941229526340542
11233,0.9750685850654738
11234,0.6153236887060077
11235,0.27768069562611525
11236,0.8640571953641628
11237,0.13425387160031726
11238,0.9464148460280866
11239,0.3272094527989256
11240,0.7959565840164428
11241,0.7046159431952995
11242,0.9405182228965127
11243,0.19173971203716267
11244,0.3041465751993716
11245,0.9592106512076968
11246,0.5008257067926942
11247,0.4918898333947323
11248,0.06541352557664463
11249,0.9410385702600529
11250,0.3688678130552365
11251,0.5470888377719519
11252,0.3892942928659975
11253,0.44212557548193326
11254,0.46586227886576653
11255,0.7801935177049707
11256,0.9023494978593205
11257,0.14853609439374746
11258,0.29150663043574115
11259,0.9333103050429099
11260,0.9017018792564145
11261,0.3769935751404288
11262,0.9384855461282214
11263,0.9342871049763738
11264,0.5632111722176154
11265,0.6830998749720643
11266,0.02233112366951524
11267,0.8333786094966575
11268,0.4352157735176177
11269,0.21804566550805787
11270,0.40012970055797153
11271,0.17832717601235648
11272,0.7529663287623256
11273,0.8477268723099141
11274,0.9384417582920125
11275,0.925961225747317
11276,0.7798197981662942
11277,0.8926467057860544
11278,0.2898181089498679
11279,0.4309477499346768
11280,0.10111430465220181
11281,0.623428957553001
11282,0.9200155995934707
11283,0.012906413069203617
11284,0.38176414912979545
11285,0.2356888874480063
11286,0.2647208404056208
11287,0.9709620512093192
11288,0.5626026020355325
11289,0.3368858624401788
11290,0.2838678353774092
11291,0.2207698807141467
11292,0.8416710720991831
11293,0.844382289831938
11294,0.6065566035969453
11295,0.4088664784936954
11296,0.13353252832998252
11297,0.22628158993741743
11298,0.25017155369096405
11299,0.8487850304384413
11300,0.48548326653419954
11301,0.6065323465738808
11302,0.6312061848536294
11303,0.7889451460368189
11304,0.3536664856370176
11305,0.10826272998635318
11306,0.2610676113784418
11307,0.39103504058750455
11308,0.9227407460301739
11309,0.48196958334114454
11310,0.3109814626488748
11311,0.5663995121601207
11312,0.44538017416858233
11313,0.4605218616860857
11314,0.5771084437115325
11315,0.6518664931369744
11316,0.9352466756105668
11317,0.33820045439721924
11318,0.7885589581779131
11319,0.8055394266669912
11320,0.8347388447750452
11321,0.5672467169198064
11322,0.8310215925348345
11323,0.44316553137919906
11324,0.9349461525020317
11325,0.7493091776132212
11326,0.3316256824055963
11327,0.5803309823006778
11328,0.6897832127389001
11329,0.33671526434716326
11330,0.7000166525401795
11331,0.42877871275037444
11332,0.6810249612688385
11333,0.9135164464251604
11334,0.8466598831733444
11335,0.46678802069255165
11336,0.16645614607042092
11337,0.7111996099813775
11338,0.3480160574249338
11339,0.4405572400792912
11340,0.27871141437354496
11341,0.34880958662239314
11342,0.9153299335211529
11343,0.7719495438763382
11344,0.34979661720559163
11345,0.3876907818285136
11346,0.026343800334625425
11347,0.7153636144359922
11348,0.9312534333927583
11349,0.8020835261557608
11350,0.2505596439595972
11351,0.07654826740647669
11352,0.9650610128485851
11353,0.894844451592683
11354,0.22433623601275182
11355,0.6028802203004543
11356,0.6927924728443265
11357,0.5051674075807578
11358,0.623125751991113
11359,0.10931166923971997
11360,0.13017908229912853
11361,0.8661327667201401
11362,0.33714520864090153
11363,0.29937195907272174
11364,0.3293184404767085
11365,0.935998090746329
11366,0.9230123931367463
11367,0.3484927165223843
11368,0.9415953296823966
11369,0.3911639511444848
11370,0.7776425951482215
11371,0.7007788812708182
11372,0.8010882580483625
11373,0.3651502708895491
11374,0.3003936096976816
11375,0.7480173002813902
11376,0.2147684184532438
11377,0.32097747938449606
11378,0.2735799210968457
11379,0.33231744245043154
11380,0.5689946500860308
11381,0.8244024240096064
11382,0.3459954279119327
11383,0.9271304092948067
11384,0.7141898535254134
11385,0.32726171542180443
11386,0.9098839020991701
11387,0.10350634273472088
11388,0.8083646935289117
11389,0.7140558626264883
11390,0.6173736300641292
11391,0.6173736300641292
11392,0.4820801756144699
11393,0.33632310313030006
11394,0.6714257525221542
11395,0.42567163174885075
11396,0.8872302082155012
11397,0.3090762683324122
11398,0.82835012226901
11399,0.3259803507088932
11400,0.934877947124521
11401,0.6973826366096324
11402,0.6094550927241895
11403,0.16600796213490782
11404,0.9199185631140219
11405,0.8644886682820129
11406,0.5365293332990277
11407,0.39767544719719894
11408,0.45998058708884687
11409,0.1910291344824944
11410,0.3900295761117612
11411,0.41490155939051443
11412,0.8549024098771048
11413,0.9005688188226497
11414,0.9687834684166701
11415,0.06547075705698446
11416,0.6512318596971478
11417,0.8023403224223777
11418,0.5195996970629809
11419,0.9224686158285986
11420,0.3740282315407372
11421,0.8721937416569611
11422,0.5453280380877561
11423,0.45320878517892055
11424,0.9387757559106563
11425,0.36341336630009147
11426,0.4675837634529092
11427,0.9477713241884012
11428,0.25602766857785925
11429,0.4349554530436884
11430,0.5111691835225514
11431,0.6191620418178647
11432,0.6191620418178647
11433,0.726026022338005
11434,0.6942683801132604
11435,0.8063517885881644
11436,0.3271311406637703
11437,0.15120295474450135
11438,0.9114810809120099
11439,0.9549343397797425
11440,0.982712937813462
11441,0.5928383181161414
11442,0.22704253757907888
11443,0.2457808097234956
11444,0.43772454753306933
11445,0.9450414771946184
11446,0.9323865519411
11447,0.3296353503679114
11448,0.24042548762384414
11449,0.3338393260485856
11450,0.4025226446220331
11451,0.33972334742885474
11452,0.41117636210164576
11453,0.3803069961040642
11454,0.04596805041721004
11455,0.33254808865631313
11456,0.6417298518717689
11457,0.3206719865475258
11458,0.31407533000675847
11459,0.2113476922654392
11460,0.07341577880480696
11461,0.32839168874586605
11462,0.18630856758395375
11463,0.2797524349064108
11464,0.23861211556211243
11465,0.10592129005773498
11466,0.039987766267096686
11467,0.19698983703560066
11468,0.03758940894618798
11469,0.05378092335249084
11470,0.30315327428755623
11471,0.31945553312431607
11472,0.5871553817800752
11473,0.9179268982203037
11474,0.4227673140941714
11475,0.6979539777558158
11476,0.639774680276717
11477,0.4391062271235881
11478,0.9596160952844275
11479,0.367232904865714
11480,0.05914908627710526
11481,0.4980177843037657
11482,0.3319778522600478
11483,0.2824163614981306
11484,0.33351913260197774
11485,0.08411554235167146
11486,0.26983573130048694
11487,0.01283796409459184
11488,0.8068890447064798
11489,0.9438335627372425
11490,0.29775206993349845
11491,0.3196768396978366
11492,0.2552162285832512
11493,0.20310429723217982
11494,0.18786774826841451
11495,0.12637479268385562
11496,0.45434012203763047
11497,0.7336941651191036
11498,0.04006195286874004
11499,0.36008319473512757
11500,0.6023458954438081
11501,0.9242563000046081
11502,0.38438272248251815
11503,0.2760236284263941
11504,0.7863373578427105
11505,0.8835771642095048
11506,0.8294808391129483
11507,0.32125523304261905
11508,0.9060330929245495
11509,0.3702688209412161
11510,0.6761969107493955
11511,0.9482540961844734
11512,0.9407601882519152
11513,0.9464965129838221
11514,0.8410968528737806
11515,0.3295036951923032
11516,0.7709503593930325
11517,0.2985488240623594
11518,0.941504641059133
11519,0.960300339594543
11520,0.8975950715020453
11521,0.9220769394717894
11522,0.4836475581640333
11523,0.3310808044092736
11524,0.7330521414866042
11525,0.4014317038926957
11526,0.3745843853225451
11527,0.8068890447064798
11528,0.9094097294433273
11529,0.9142898833995377
11530,0.5069747201759554
11531,0.3228727284898229
11532,0.9189495786249711
11533,0.4110783668821563
11534,0.3240642168372828
11535,0.552728859016954
11536,0.4284760338508593
11537,0.4736035142574668
11538,0.46358496675442695
11539,0.3769989305556484
11540,0.9575887607486203
11541,0.047820475527465794
11542,0.8629792203627744
11543,0.8271430605979119
11544,0.486215913726182
11545,0.4264002945277926
11546,0.1687223592945209
11547,0.18950924541527084
11548,0.18167656083039593
11549,0.18950924541527084
11550,0.7012152510559543
11551,0.9775237526684346
11552,0.2421458946291499
11553,0.06103287726102939
11554,0.2632104716452012
11555,0.7270566754602215
11556,0.1646110495488431
11557,0.4814164211819751
11558,0.3533218910371579
11559,0.14424684388678022
11560,0.13746168038060735
11561,0.47149876831815685
11562,0.36489619270830714
11563,0.7735961153459944
11564,0.9368809576108884
11565,0.7938268627248584
11566,0.2963908343927138
11567,0.58362539381913
11568,0.6037827986679348
11569,0.867161871723021
11570,0.15051920020073903
11571,0.5675888232048437
11572,0.14478080278859454
11573,0.43467450440890315
11574,0.5229216802321556
11575,0.7282509459048191
11576,0.561760670842797
11577,0.47993527585015855
11578,0.3705879750014666
11579,0.40947832822171715
11580,0.8684185065797372
11581,0.5832987659724554
11582,0.7896169535591829
11583,0.5467548661629792
11584,0.4810516165583
11585,0.5023972390226319
11586,0.5364327600962712
11587,0.6716978376807454
11588,0.8166161296958891
11589,0.8006783113434883
11590,0.31570890776963983
11591,0.13267251546834113
11592,0.13267251546834113
11594,0.932591158298354
11595,0.9592994357477493
11596,0.5681552280011776
11597,0.5136661734604379
11598,0.9407601882519152
11599,0.9482540961844734
11600,0.5953021857137383
11601,0.944345011277311
11602,0.8259689114255891
11603,0.5069051270178417
11604,0.37961966089303445
11605,0.4448120811388725
11606,0.3001602850872722
11607,0.4107514664740392
11608,0.5763491221795621
11609,0.15081895791687036
11610,0.7888621487346168
11611,0.2611740870233165
11612,0.45548285304959585
11613,0.3793660089505239
11614,0.9391448847094818
11615,0.4005614512135619
11616,0.24500443619783013
11617,0.35726755634007146
11618,0.7083811392519128
11619,0.2671885655570172
11620,0.3670144075936969
11621,0.47406232495238404
11622,0.25645678810199163
11623,0.4897046206222616
11624,0.9916129814973522
11625,0.9125368637818516
11626,0.7031586258109996
11627,0.9353060980497285
11628,0.44183183478472543
11629,0.7121801020175083
11630,0.8710570225349648
11631,0.41987307668534557
11632,0.8498754696509621
11633,0.5558293426663071
11634,0.3795638387137658
11635,0.9554424795898513
11636,0.9385818414942976
11637,0.44529858868864786
11638,0.6597344823503061
11639,0.44281907593974806
11640,0.45001706752205073
11641,0.6129364084193157
11642,0.3838161071397536
11643,0.44584492900107087
11644,0.7816036086337573
11645,0.37194401268721966
11646,0.9214947387266922
11647,0.32033617413208937
11648,0.3758470613070859
11649,0.49486757129435477
11650,0.963918130253049
11651,0.747414075921872
11652,0.8021389322086395
11653,0.8818850467883362
11654,0.806268751102146
11655,0.7271627751421531
11656,0.9013978110003861
11657,0.2572161929994729
11658,0.6858905647000175
11659,0.9192180059041622
11660,0.34097443267133637
11661,0.933398064653219
11662,0.5471549792701819
11663,0.9740035461663261
11664,0.577277376257088
11665,0.8700142977849775
11666,0.4306926317114329
11668,0.43553505507997914
11669,0.8521273634055068
11670,0.7003962066934154
11671,0.6783314047788112
11672,0.9341220837119093
11673,0.48305173817936625
11674,0.4399974667458531
11675,0.3535933511018227
11676,0.3941024534303718
11677,0.23068844168778294
11678,0.23068844168778294
11679,0.453893899180487
11680,0.7646833913075695
11681,0.17624821054557685
11682,0.2861211621632358
11683,0.47231156857316653
11684,0.11065142792060996
11685,0.14071296697147384
11686,0.13249530080665958
11687,0.1089342690900353
11688,0.1648980065691778
11689,0.547574636665874
11690,0.27273765734962274
11691,0.27482556943753483
11692,0.9327045610511846
11693,0.2911154942640055
11694,0.5230546956962852
11695,0.8849187290820797
11696,0.5530914028541649
11697,0.9472343498664308
11698,0.4139621054848501
11699,0.2975976047376177
11700,0.9376317806374712
11701,0.3452803389621316
11702,0.9341908655235307
11703,0.30507580983384214
11704,0.7959592202092832
11705,0.6830642676469116
11706,0.32082262718540266
11707,0.9427856989013513
11708,0.7627179789328958
11709,0.7525419866384645
11710,0.5797376292614775
11711,0.3604742353302612
11712,0.4676764159565031
11713,0.6683592481563906
11714,0.36072882661073025
11715,0.13954352191126243
11716,0.1089342690900353
11717,0.8939168587281203
11718,0.35115927958421117
11719,0.2435910272454321
11720,0.3024042640469604
11721,0.9353328970224543
11722,0.6466738560809049
11723,0.7380278937036968
11724,0.31104963298202215
11725,0.9131319980019654
11726,0.34958480578740087
11727,0.5744803225301424
11728,0.911203600568857
11729,0.3326232256020759
11730,0.3434002313017222
11731,0.9549328560994956
11732,0.4256542637055545
11733,0.8653075780549186
11734,0.8670280061183243
11735,0.6746947955014794
11736,0.9097633849976376
11737,0.9325216324368428
11738,0.2961536280262851
11739,0.9588218523998744
11740,0.1720064788282238
11741,0.5452292521798823
11742,0.523421926864222
11743,0.4147741692695917
11744,0.27586701436650396
11745,0.6145617498882017
11746,0.09440654152542999
11747,0.602402935914981
11748,0.4243137402037994
11749,0.6649977602631454
11750,0.950418896782866
11751,0.3791973687148673
11752,0.35748196448851766
11753,0.32596099138133566
11754,0.30224952340236205
11755,0.9143202521111654
11756,0.2220772304720681
11757,0.3194172966894671
11758,0.5256402567474373
11759,0.5307685368288441
11760,0.7564714921908019
11761,0.8153021486115763
11762,0.3778320360681688
11763,0.9791065515656833
11764,0.9696376704693734
11765,0.27017785749071477
11766,0.9525246837333511
11767,0.3972186201610323
11768,0.9389021776989895
11769,0.9160258266651753
11770,0.9160096249991525
11771,0.957640639334091
11772,0.574270213360507
11773,0.7104901717271511
11774,0.6826761619611068
11775,0.3842967255212988
11776,0.5037928504559673
11777,0.8165212305096381
11778,0.9526220615525155
11779,0.08704239719177342
11780,0.5091836369936495
11781,0.4901579063177769
11782,0.8329226465179531
11783,0.9394291107189187
11784,0.33411791272717345
11785,0.5621189520410441
11786,0.07973716470570226
11787,0.8210532667962611
11788,0.23149935307555464
11789,0.37946734274779653
11790,0.9457149635649619
11791,0.575500894328582
11792,0.3241892737176139
11793,0.14380653154590703
11794,0.4885482686987217
11795,0.348097936064785
11796,0.9504482857231774
11797,0.8129177440525781
11798,0.9084483083605919
11799,0.8180268261483684
11800,0.9460280875010306
11801,0.8485842578893664
11802,0.9498185124946911
11803,0.7485966592851409
11804,0.7340250009629198
11805,0.9369808415769546
11806,0.40735523392225503
11807,0.9438479335440144
11808,0.15341410743150458
11809,0.262531102678522
11810,0.12291893596887304
11811,0.9727501082245733
11812,0.46015692092143473
11813,0.29144807637664855
11814,0.7105091197571696
11815,0.43413826432146185
11816,0.09501920195844939
11817,0.852535490030055
11818,0.3434982732486514
11819,0.9525395345426161
11820,0.814817931562079
11821,0.9245182643218602
11822,0.9440738639245484
11823,0.12299791076940048
11824,0.38393563491842064
11825,0.3473728237639748
11826,0.7140775862797338
11827,0.10966969281229773
11828,0.3421689222573338
11829,0.9488186214888807
11830,0.19720391743786977
11831,0.8153527423560234
11832,0.9441565816769082
11833,0.9324975289766451
11834,0.3071978993022025
11835,0.9252341824984543
11836,0.9251949103460495
11837,0.8734642321448223
11838,0.8319827790344264
11839,0.8348813297590639
11840,0.8162503773781116
11841,0.1944704490750465
11842,0.1251548261187858
11843,0.6366840779789649
11844,0.9185245637370321
11845,0.9185245637370321
11846,0.8608341461816468
11847,0.8608341461816468
11848,0.8608341461816468
11849,0.81915655282421
11850,0.81915655282421
11851,0.81915655282421
11852,0.8220551035488475
11853,0.831023828024547
11854,0.7750274925818152
11855,0.6315632497812538
11856,0.24991431192592098
11857,0.4397253885359638
11858,0.9066100969053272
11859,0.8517431171127621
11860,0.9251949103460495
11861,0.18944188626840347
11862,0.799343230140588
11863,0.2839247134621855
11864,0.3649911958943884
11865,0.34328601689271987
11866,0.3486045479249546
11867,0.3213580140609671
11868,0.9149837332713381
11869,0.29635582733069904
11870,0.17879483867125467
11871,0.5438185542210711
11872,0.8925297493200008
11873,0.9569730292269019
11874,0.4320298370484758
11875,0.10679131159073008
11876,0.459682767661942
11877,0.1349439529779946
11878,0.8951246947341153
11879,0.8934584207456456
11880,0.38228503350484
11881,0.28180480165995986
11882,0.2519010186111619
11883,0.4093671261461752
11884,0.27150994880259316
11885,0.2737010509168374
11886,0.9388834700764709
11887,0.6370852788031871
11888,0.9341795415237357
11889,0.06711422121079055
11890,0.9517702115706207
11891,0.319496351549823
11892,0.319496351549823
11893,0.319496351549823
11894,0.2373136830466842
11895,0.13705915752143139
11896,0.9204702711096198
11897,0.9427856989013513
11898,0.633624021179467
11899,0.5537379682261111
11900,0.3563001786294433
11901,0.3842617763933214
11902,0.40467574420525376
11903,0.2744572021957272
11904,0.3299363229415003
11905,0.2903107593552885
11906,0.34354621970762983
11907,0.23379936818925487
11908,0.7395377006979005
11909,0.39064033049548436
11910,0.3740540408203927
11911,0.42677557313728004
11912,0.5180303687575206
11913,0.43681082956094464
11914,0.708978924716142
11915,0.621392534614757
11916,0.283918337039162
11917,0.026576666258965535
11918,0.9731620531414731
11919,0.9382256941018206
11920,0.6041986783635065
11921,0.6239155441067551
11922,0.9482962902724688
11923,0.4232961719747264
11924,0.3592522842593933
11925,0.6157685004076311
11926,0.7335859905015322
11927,0.3779155680860694
11928,0.4266690219038303
11929,0.4489644547434785
11930,0.4635324327993006
11931,0.35227962724155054
11932,0.434126091848147
11933,0.9431725319029785
11934,0.32577122797472624
11935,0.782534479840757
11936,0.6045270991490476
11937,0.9462199369393403
11938,0.7860378349154064
11939,0.7640360755656148
11940,0.8042092543837236
11941,0.9364810183056775
11942,0.42273751251599334
11943,0.8911620773714375
11944,0.6751882799138618
11945,0.37102604915653137
11946,0.4480413635560517
11947,0.2548633988250386
11948,0.5027967041100949
11949,0.5227242337620773
11950,0.040013267378414985
11951,0.4135943465518455
11952,0.5496559633593933
11953,0.9019407719850198
11954,0.3324561005442596
11955,0.43739691608562764
11956,0.461770671404246
11957,0.09944849624924137
11958,0.3350660807405555
11959,0.7766600509128798
11960,0.9197356636462105
11961,0.6083922501474871
11962,0.9768659556041329
11963,0.43005129938746767
11964,0.5491056481122485
11965,0.9487451008560477
11966,0.9227903896896256
11967,0.6890213141259984
11968,0.8929654688246955
11969,0.43402837598471117
11970,0.6289114005100166
11971,0.15962214340659164
11972,0.9620715136576296
11973,0.4019749991089781
11974,0.9565903145518935
11975,0.8690699311445259
11976,0.8005092491376062
11977,0.7261550109780829
11978,0.38320713875686807
11979,0.9686610007477156
11980,0.800367469422021
11981,0.937335202254848
11982,0.8203074336878042
11983,0.5054274134623411
11984,0.44280665128752533
11985,0.9203525795179408
11986,0.3210313179656697
11987,0.7652989330019437
11988,0.9744661820010466
11989,0.3676559295205174
11990,0.2929043009192829
11991,0.9204702711096198
11992,0.9204702711096198
11993,0.3943106134663627
11994,0.45630522690187897
11995,0.27646311632970144
11996,0.3168127481759737
11997,0.9352517685623271
11998,0.7167020551266932
11999,0.9180767569063367
12000,0.9573862028899657
12001,0.850853839756525
12002,0.7613335532433239
12003,0.41557379655889887
12004,0.28021994673613565
12005,0.9409492167016863
12006,0.9816007717646208
12007,0.9402698377433693
12008,0.8103930188156363
12009,0.902414044579801
12010,0.8580910219090617
12011,0.9143301136384488
12012,0.8457117303502697
12013,0.9115764639914588
12014,0.9325708133658276
12015,0.9760091830169064
12016,0.32564564633374155
12017,0.4420611691443446
12018,0.42655079823926206
12019,0.40746537056305704
12020,0.38704158117903814
12021,0.5974193521882526
12022,0.018225912403623756
12023,0.44165772590827557
12024,0.8914996730818798
12025,0.41782042994792795
12026,0.43545158402531114
12027,0.2945358941703544
12028,0.5098342936950431
12029,0.8973505310435709
12030,0.9020514676908163
12031,0.6610685459190135
12032,0.956170051333725
12033,0.07498327126227433
12034,0.27076810707751364
12035,0.9155612789778581
12036,0.7011542173990921
12037,0.7994229742834951
12038,0.8337039063974124
12039,0.6307846801363695
12040,0.24957413342041612
12041,0.8841602168053688
12042,0.2523718957372543
12043,0.5381744705843656
12044,0.6356817576519894
12045,0.746763572866833
12046,0.6375238629151473
12047,0.633238148629433
12048,0.10576920737730491
12049,0.9292549382532033
12050,0.5347099314212536
12051,0.31257865111978655
12052,0.4987091747012436
12053,0.3450060763524374
12054,0.4990028828320062
12055,0.7344719549660992
12056,0.3264745801931093
12057,0.9103416946422326
12058,0.6712793114889862
12059,0.38318253272801506
12060,0.6391324184109883
12061,0.9503267499261525
12062,0.9471560665627048
12063,0.8655893059874081
12064,0.6021551721768864
12065,0.9465322545955233
12066,0.9274411967181116
12067,0.9447756817703005
12068,0.9447756817703005
12069,0.9274411967181116
12070,0.3267740212572353
12071,0.6974623534020187
12072,0.578388329442733
12073,0.9220217394470555
12074,0.47718594776798107
12075,0.961327720053562
12076,0.9756951465978345
12077,0.894791901108482
12078,0.9372927224263831
12079,0.9169900206018469
12080,0.755635660801247
12081,0.5211256306114795
12082,0.35970133061821746
12083,0.3343465891817071
12084,0.2844507609725959
12085,0.6729484740710826
12086,0.48719314449249246
12087,0.89274579361328
12088,0.7069949173689319
12089,0.2762097915471683
12090,0.6139197614615618
12091,0.6314515370500913
12092,0.6506266334196878
12093,0.5221539700103568
12094,0.5150294051875266
12095,0.7821962878832543
12096,0.5763813492943934
12097,0.48003395897583295
12098,0.8647400789692112
12099,0.39930284991155246
12100,0.6224384673331049
12101,0.9035414093183363
12102,0.3263442394327009
12103,0.8895493396323514
12104,0.3071088385098589
12105,0.3926364132925444
12106,0.9618542797583426
12107,0.31150283269867207
12108,0.5801164728915399
12109,0.6345914995782241
12110,0.6551770015236067
12111,0.790590165095231
12112,0.629473803446067
12113,0.7318574942255535
12114,0.7207791336756793
12115,0.37480258299994335
12116,0.37733100859429036
12117,0.9129848997326462
12118,0.9280436139739168
12119,0.19627559989108623
12120,0.7879469421366656
12121,0.9662913244663219
12122,0.6582259917860392
12123,0.9173363332420376
12124,0.4690780813921276
12125,0.8759274032572455
12126,0.9806608485437089
12127,0.8570673546790809
12128,0.6589009618174848
12129,0.5881625909656695
12130,0.7320892578860656
12131,0.710706357636004
12132,0.9633777219573026
12133,0.31903561001299663
12134,0.4039145931156725
12135,0.4612279737162321
12136,0.8071397753657408
12137,0.8751864794379806
12138,0.5304345134374756
12139,0.2637369464772773
12140,0.3660039469674071
12141,0.2144150657978139
12142,0.9867420852841646
12143,0.5598749891998756
12144,0.5338731245186631
12145,0.4349691679530935
12146,0.5395803749139046
12147,0.5395803749139046
12148,0.2894918923969303
12149,0.2256501802015881
12150,0.3008267846231448
12151,0.2715369634278444
12152,0.41815990426947763
12153,0.7053117173998915
12154,0.5623799426795046
12155,0.7116643343873207
12156,0.9497010924159247
12157,0.8007502066279649
12158,0.493998152873011
12159,0.41740172418032906
12160,0.5207787846022999
12161,0.7152140412306026
12162,0.5895307251231963
12163,0.5605366667264963
12164,0.3939659199344604
12165,0.3138106553263715
12166,0.6447260225961327
12167,0.9835435889468849
12168,0.07796954376370527
12169,0.8042328458258785
12170,0.9497010924159247
12171,0.8940353201509614
12172,0.2682824227993778
12173,0.19963409664654613
12174,0.5613735564642104
12175,0.6551726511124991
12176,0.6258534890681422
12177,0.9232291083358015
12178,0.6498669067390407
12179,0.5672912564013994
12180,0.20290614914102062
12181,0.7969320948806977
12182,0.21960523130196574
12183,0.2900569596014076
12184,0.17006580878465768
12185,0.4044011725843446
12186,0.9213398638041105
12187,0.2703660675699895
12188,0.37259193924534545
12189,0.7488592835073129
12190,0.3894206402357092
12191,0.5426875633499336
12192,0.23698364460354035
12193,0.03539033025123123
12194,0.17052061876540045
12195,0.5257909602157829
12196,0.41099829308169966
12197,0.41099829308169966
12198,0.41099829308169966
12199,0.41099829308169966
12200,0.2759727153722137
12201,0.6532466151948992
12202,0.47404343119251857
12203,0.4283458601113193
12204,0.4283458601113193
12205,0.5840703652146726
12206,0.555746803446669
12207,0.41099829308169966
12208,0.41099829308169966
12209,0.4940901060662623
12210,0.6150033503851596
12211,0.6543974171385375
12212,0.5554588464134577
12213,0.9014883921024714
12214,0.874363476143001
12215,0.39807762801821356
12216,0.8743183152057273
12217,0.9654156480857368
12218,0.8609487658739492
12219,0.5796050907174862
12220,0.11032671497022911
12221,0.8392945569303464
12222,0.8784442341873557
12223,0.6715161801829579
12224,0.7650206144244136
12225,0.9218853191651302
12226,0.5717510559651316
12227,0.9110711492011225
12228,0.38499698392496334
12229,0.6637619227686744
12230,0.20449521843613816
12231,0.8776687665649558
12232,0.23688345753661358
12233,0.28208563586941743
12234,0.38965047377441325
12235,0.49100982522170883
12236,0.6588409904570247
12237,0.3150831148939925
12238,0.12851184381909742
12239,0.952769562848327
12240,0.748369143113393
12241,0.7859900371486299
12242,0.7318574942255535
12243,0.35834002751089683
12244,0.6354342939320954
12245,0.9159477010889109
12246,0.8715730747218389
12247,0.5891120771392963
12248,0.44149698169446266
12249,0.4095661664826558
12250,0.7371644731278687
12251,0.8414990209709414
12252,0.5441811901216599
12253,0.5207273175890589
12254,0.9868630554884008
12255,0.48778237342853276
12256,0.47034652381001973
12257,0.9497010924159247
12258,0.6604745601896955
12259,0.43291175912366525
12260,0.8019556018551336
12261,0.3367780650023935
12262,0.34226860455962266
12263,0.24830683860201092
12264,0.9174779222525454
12265,0.2953613341684521
12266,0.048777911026165334
12267,0.16361499762631554
12268,0.09934583984763558
12269,0.10165172240265148
12270,0.2832152951964478
12271,0.9441861276802633
12272,0.8200125016304889
12273,0.38178737996219303
12274,0.24146964790707617
12275,0.6811967795390899
12276,0.16513086603917554
12277,0.8726822768460027
12278,0.5702153179481596
12279,0.8581833519478601
12280,0.5743631148640229
12281,0.3355447426038194
12282,0.7396787170871394
12283,0.9318429493504458
12284,0.34409856008316325
12285,0.3307541319955133
12286,0.3653890068774418
12287,0.27532120876519317
12288,0.3827946838472296
12289,0.3270270011859344
12290,0.40056616141498563
12291,0.37041673622777344
12292,0.9058465811601083
12293,0.9228247255732812
12294,0.9039702711096197
12295,0.28022845310135047
12296,0.5888357780913804
12297,0.3252629662240373
12298,0.9493376773278953
12299,0.14927938222062834
12300,0.29130054278816475
12301,0.303317464059978
12302,0.9231515474403454
12303,0.9718432218591626
12304,0.9636297025211986
12305,0.7811272165786788
12306,0.022569249894692688
12307,0.4221550049961664
12308,0.40867519650863093
12309,0.3853177414374821
12310,0.9164317484894644
12311,0.7433938361647954
12312,0.8295344957819519
12313,0.7635679747706305
12314,0.7280171017000484
12315,0.8157766113924435
12316,0.06184119346655081
12317,0.3777135967449021
12318,0.26316394141649474
12319,0.47656581853745644
12320,0.07197470685641798
12321,0.18505658955396467
12322,0.26037231725778237
12323,0.2783030299267313
12324,0.27776180837869996
12325,0.2191108817049831
12326,0.33248846571104435
12327,0.09317712478171393
12328,0.22392768111118241
12329,0.19004073384731948
12330,0.07938317858297933
12331,0.11001506592845027
12332,0.16567828442563748
12333,0.16259308820550217
12334,0.11260394117365409
12335,0.1362550159288521
12336,0.13359747691870147
12337,0.002672623793650444
12338,0.008801430987061518
12339,0.26538943126775405
12340,0.9379688922184344
12341,0.9919298484826051
12342,0.9596047139326871
12343,0.9439240193541781
12344,0.9467561966714421
12345,0.11757504102126555
12346,0.10598818644219567
12347,0.1323122355397602
12348,0.12201062233963154
12349,0.002509109526589595
12350,0.32759173294874133
12351,0.3906391933835311
12352,0.9147996917911974
12353,0.9295660920743427
12354,0.32951749589969614
12355,0.9421753828052377
12356,0.2670223871014563
12357,0.4544161380989967
12358,0.45629484338478477
12359,0.3021855777399464
12360,0.8266607708661412
12361,0.40444130367383685
12362,0.3309271708166071
12363,0.38563977602271016
12364,0.9321915253651247
12365,0.5200191989329672
12366,0.6173124332387036
12367,0.36262281446727046
12368,0.1638173824328161
